[
    {
        "address": "Central Development Region, Bagmati, Nepal",
        "logo": "https://merocareer.com/wp-content/uploads/2020/09/final-logo-543-96x96.png",
        "company": "Dropmandu Pvt. Ltd.",
        "salary": "negotiable",
        "time": "Full Time",
        "deadline": "October 1, 2021",
        "level": "Mid Level",
        "skills": "Flutter                                                        \n                                                                                                            \n                                                            mobile development lifecycle",
        "desc": "Design and Build sophisticated and highly scalable apps using Flutter\nModify existing flutter project with laravel backend, to add more features and design and functionality changes\nBuild custom packages in Flutter using the functionalities and APIs already available in native Android and IOS.\nTranslate and Build the designs and Wireframes into high quality responsive UI code.\nWrite efficient queries for core Data.\nUse of Model-View-Controller ( MVC) and Model-View-ViewModel-Controller (MVVM) as it relates to designing, developing architecture and developing maintainable, testable and functional software that meets product requirements.\nExplore possible architectures for implementing new features.\nResolve any problems existing in the system and suggest and add new features in the complete system.\nSuggest space and time efficient Data Structures.\nFollow the best practices while developing the app and also keeping everything structured and well documented.\nUse CI/CD for smooth deployment.\nDocument the project and code efficiently.\nManage the code and project on Git in order to keep in sync with other team members and managers.\nCommunicate with the Project Manager regarding status of projects and suggest appropriate deadlines for new functionalities.\nEnsure security guidelines are always followed while developing the app.\nValidate the cloud system to ensure any new changes do not compromise security of the backend server.\nSuggest new features and/or enhancements.\nConsulting with our customer facing representatives about software system design and maintenance.\nInteract with the Clinical Specialists and Product Manager to help understand end-user feedback.\nMaintaining software through product lifecycle including design, development, verification and bug fixes.\nConnect regularly with the Quality Assurance Specialist to deliver a stable app.\nResolve all the bugs reported by the Quality Assurance Specialist in a timely manner.\nPerform time profiling and memory leaks assessment.\nExecute app verification protocol.\nWrite tests for the App.\nFollowing company policies and quality procedures to ensure quality product deliverables.",
        "desc1": "Flutter: To build cross platform mobile apps for Android, IOS and Web. This should include from making responsive UIs to efficiently query data and also manage states in an optimized manner.\nNative Android and IOS: To build custom Flutter Packages.\nFirebase: Should have experience with Cloud Firestore, Push Notifications, Cloud Functions and Analytics.\nAdobe XD: Should know how to use Adobe XD to use the design file and use it to build the app.\nGit: To manage and collaborate in different projects with the rest of the team.",
        "desc2": "Angular\nBootstrap\nJavaScript",
        "desc3": "Flutter Mobile App Developer\n \nSalary negotiable based on experience.\n \nDropmandu has an immediate opportunity for a Flutter Mobile App Developer to join our team.\nAbout Us:\nDropmandu is Transportation and logistics company that answers to diverse range of commute and cargo needs for general people and local businesses.\n\nDesign and Build sophisticated and highly scalable apps using Flutter\nModify existing flutter project with laravel backend, to add more features and design and functionality changes\nBuild custom packages in Flutter using the functionalities and APIs already available in native Android and IOS.\nTranslate and Build the designs and Wireframes into high quality responsive UI code.\nWrite efficient queries for core Data.\nUse of Model-View-Controller ( MVC) and Model-View-ViewModel-Controller (MVVM) as it relates to designing, developing architecture and developing maintainable, testable and functional software that meets product requirements.\nExplore possible architectures for implementing new features.\nResolve any problems existing in the system and suggest and add new features in the complete system.\nSuggest space and time efficient Data Structures.\nFollow the best practices while developing the app and also keeping everything structured and well documented.\nUse CI/CD for smooth deployment.\nDocument the project and code efficiently.\nManage the code and project on Git in order to keep in sync with other team members and managers.\nCommunicate with the Project Manager regarding status of projects and suggest appropriate deadlines for new functionalities.\nEnsure security guidelines are always followed while developing the app.\nValidate the cloud system to ensure any new changes do not compromise security of the backend server.\nSuggest new features and/or enhancements.\nConsulting with our customer facing representatives about software system design and maintenance.\nInteract with the Clinical Specialists and Product Manager to help understand end-user feedback.\nMaintaining software through product lifecycle including design, development, verification and bug fixes.\nConnect regularly with the Quality Assurance Specialist to deliver a stable app.\nResolve all the bugs reported by the Quality Assurance Specialist in a timely manner.\nPerform time profiling and memory leaks assessment.\nExecute app verification protocol.\nWrite tests for the App.\nFollowing company policies and quality procedures to ensure quality product deliverables.\n\nRequirements:\nMust Have:\n\nFlutter: To build cross platform mobile apps for Android, IOS and Web. This should include from making responsive UIs to efficiently query data and also manage states in an optimized manner.\nNative Android and IOS: To build custom Flutter Packages.\nFirebase: Should have experience with Cloud Firestore, Push Notifications, Cloud Functions and Analytics.\nAdobe XD: Should know how to use Adobe XD to use the design file and use it to build the app.\nGit: To manage and collaborate in different projects with the rest of the team.\n\nGood To Have:\n\nAngular\nBootstrap\nJavaScript\n\nPlease apply by clicking Submit\n \n \nClick APPLY to submit your",
        "name": "Flutter mobile app developer",
        "Page_URL": "https://merocareer.com/job/flutter-mobile-app-developer/"
    },
    {
        "address": "",
        "logo": "https://merocareer.com/wp-content/uploads/2020/04/Delta-Tech-Triangular-514-96x96.png",
        "company": "Delta Tech Pvt. Ltd.",
        "salary": "0 NPR",
        "time": "Full Time",
        "deadline": "September 18, 2021",
        "level": "Top Level Management",
        "skills": "Advanced PHP                                                        \n                                                                                                            \n                                                            MVC Frameworks (Preferably Laravel)",
        "desc": "Build server-side applications with the latest technologies for delivering the best experience for users\nBuild platforms, frameworks, APIs, libraries & automated tools\nKeeping up-to-date with technology\nMentoring and assigning tasks to junior web developers\nClient Communication",
        "desc1": "Delta Tech is looking for candidates who are loyal and plan to make a long-term commitment. In return for your loyalty we offer:",
        "desc2": "Competitive/ Attractive Salary (No bar for right and deserving candidate)\nTimely performance appraisal and salary reviews\nPaid holiday & paid leaves\nFestive bonus\nGreat work culture\nFlexible timings against performance\nWork from home (During COVID-19 pandemic situation)",
        "desc3": "Job Description\nDelta Tech is seeking a PHP Developer (Senior/ Mid Level) who is an in-depth understanding of advanced PHP, MCV frameworks, and also creative and innovative. You will be working on various internal products (Our products: DeltaSalesApp, DeltaSalesCRM, DeltaRetailerApp & DeltaInventory) and external projects with different levels of complexities and challenges.\nRole and Responsibilities:\nYour responsibilities will include (but are not limited to):\n\nBuild server-side applications with the latest technologies for delivering the best experience for users\nBuild platforms, frameworks, APIs, libraries & automated tools\nKeeping up-to-date with technology\nMentoring and assigning tasks to junior web developers\nClient Communication\n\nWhat we offer:\n\nDelta Tech is looking for candidates who are loyal and plan to make a long-term commitment. In return for your loyalty we offer:\n\nPosition Benefits:\n\nCompetitive/ Attractive Salary (No bar for right and deserving candidate)\nTimely performance appraisal and salary reviews\nPaid holiday & paid leaves\nFestive bonus\nGreat work culture\nFlexible timings against performance\nWork from home (During COVID-19 pandemic situation)\n\n ",
        "name": "PHP Developer (Senior/ Mid Level)",
        "Page_URL": "https://merocareer.com/job/php-developer-senior-mid-level/"
    },
    {
        "address": "",
        "logo": "https://merocareer.com/wp-content/uploads/2020/04/Delta-Tech-Triangular-514-96x96.png",
        "company": "Delta Tech Pvt. Ltd.",
        "salary": "0 NPR",
        "time": "Full Time",
        "deadline": "September 30, 2020",
        "level": "Mid Level",
        "skills": "Css3 Html5 Jquery Illustrator Bootstrap",
        "desc": "Understand the requirement clearly, think creatively to produce new ideas and concepts to interactive design\nConceptualize ideas that bring simplicity and user-friendliness to complex design roadblocks\nWork with internal team to design and build user-friendly forms/ applications/ interfaces based on functional specifications\nWireframe new features and templates and improvements to existing functionality\nBuild prototypes of new features, templates, and apps to demonstrate and test new designs.\nDesign UI and interaction layers using best practices and the latest Web/ Mobile trends",
        "desc1": "Competitive/ Attractive Salary (No bar for right and deserving candidate)\nTimely performance appraisal and salary reviews\nPaid holiday & paid leaves\nFestive bonus\nGreat work culture\nFlexible timings against performance\nWork from home (During COVID-19 pandemic situation)",
        "desc2": "",
        "desc3": "Job Description\nDelta Tech is seeking a Frontend Developer who has proven working experience in HTML5, CSS3, JQuery and is also creative and innovative. You will be working in various internal (Our products: DeltaSalesApp, DeltaSalesCRM, DeltaRetailerApp and DeltaInventory) and external projects with different levels of complexities and challenges.\n \nRole and Responsibilities:\nYour responsibilities will include (but are not limited to):\n\nUnderstand the requirement clearly, think creatively to produce new ideas and concepts to interactive design\nConceptualize ideas that bring simplicity and user-friendliness to complex design roadblocks\nWork with internal team to design and build user-friendly forms/ applications/ interfaces based on functional specifications\nWireframe new features and templates and improvements to existing functionality\nBuild prototypes of new features, templates, and apps to demonstrate and test new designs.\nDesign UI and interaction layers using best practices and the latest Web/ Mobile trends\n\n \nWhat we offer\nDelta Tech is looking for candidates who are loyal and plan to make a long-term commitment. In return for your loyalty we offer:\n \nPosition Benefits\n\nCompetitive/ Attractive Salary (No bar for right and deserving candidate)\nTimely performance appraisal and salary reviews\nPaid holiday & paid leaves\nFestive bonus\nGreat work culture\nFlexible timings against performance\nWork from home (During COVID-19 pandemic situation)\n\n ",
        "name": "Frontend Developer",
        "Page_URL": "https://merocareer.com/job/frontend-developer-2/"
    },
    {
        "address": "",
        "logo": "https://merocareer.com/wp-content/uploads/2020/04/Delta-Tech-Triangular-514-96x96.png",
        "company": "Delta Tech Pvt. Ltd.",
        "salary": "18,000 NPR - 22,000 NPR / Month",
        "time": "Full Time",
        "deadline": "September 20, 2020",
        "level": "Mid Level",
        "skills": "and Bootstrap                                                        \n                                                                                                            \n                                                            CSS3                                                        \n                                                                                                            \n                                                            HTML5                                                        \n                                                                                                            \n                                                            JQuery",
        "desc": "Education Level: Bachelor of IT/ BE Computer Engineering\nExperience Required: More than one year\nShould be proficient in HTML5, CSS3, JQuery, and Bootstrap.\nShould have good knowledge on UI/ UX experience and developing pixel perfect designs on the frontend\nShould have creative skills on graphic designing tools like Photoshop, Illustrator etc\nShould have knowledge of color theory and updated with trends\nShould have the knowledge of wireframe, prototype, mockup\nShould be creative and develop new ideas\nShould possess good communication and interpersonal skill",
        "desc1": "Fluent in spoken and written English\nAble to multitask and focus on deadlines under pressure\nTeam player\nPassionate about new technology\nExcellent team-working skills, hardworking, creative and innovative",
        "desc2": "Competitive/ Attractive Salary (No bar for right and deserving candidate)\nTimely performance appraisal and salary reviews\nPaid holiday & paid leaves\nFestive bonus\nGreat work culture\nFlexible timings against performance\nWork from home (During COVID-19 pandemic situation)",
        "desc3": "Job Description\n\n\nDelta Tech is seeking a Frontend Developer who has proven working experience in HTML5, CSS3, JQuery and is also creative and innovative. You will be working in various internal (Our products: DeltaSalesApp, DeltaSalesCRM, DeltaRetailerApp and DeltaInventory) and external projects with different levels of complexities and challenges.\nRole and Responsibilities:\nYour responsibilities will include (but are not limited to):\n\nUnderstand the requirement clearly, think creatively to produce new ideas and concepts to interactive design\nConceptualize ideas that bring simplicity and user-friendliness to complex design roadblocks\nWork with internal team to design and build user-friendly forms/ applications/ interfaces based on functional specifications\nWireframe new features and templates and improvements to existing functionality\nBuild prototypes of new features, templates, and apps to demonstrate and test new designs.\nDesign UI and interaction layers using best practices and the latest Web/ Mobile trends\n\n\nOther Specification\n\nEducation Level: Bachelor of IT/ BE Computer Engineering\nExperience Required: More than one year\nShould be proficient in HTML5, CSS3, JQuery, and Bootstrap.\nShould have good knowledge on UI/ UX experience and developing pixel perfect designs on the frontend\nShould have creative skills on graphic designing tools like Photoshop, Illustrator etc\nShould have knowledge of color theory and updated with trends\nShould have the knowledge of wireframe, prototype, mockup\nShould be creative and develop new ideas\nShould possess good communication and interpersonal skill\n\n \nYou are\n\nFluent in spoken and written English\nAble to multitask and focus on deadlines under pressure\nTeam player\nPassionate about new technology\nExcellent team-working skills, hardworking, creative and innovative\n\n \nWhat we offer\nDelta Tech is looking for candidates who are loyal and plan to make a long-term commitment. In return for your loyalty we offer:\nPosition Benefits\n\nCompetitive/ Attractive Salary (No bar for right and deserving candidate)\nTimely performance appraisal and salary reviews\nPaid holiday & paid leaves\nFestive bonus\nGreat work culture\nFlexible timings against performance\nWork from home (During COVID-19 pandemic situation)",
        "name": "Frontend Developer",
        "Page_URL": "https://merocareer.com/job/frontend-developer/"
    },
    {
        "address": "",
        "logo": "https://merocareer.com/wp-content/uploads/2020/04/Delta-Tech-Triangular-514-96x96.png",
        "company": "Delta Tech Pvt. Ltd.",
        "salary": "20,000 NPR - 28,000 NPR / Month",
        "time": "Full Time",
        "deadline": "September 20, 2020",
        "level": "Mid Level",
        "skills": "android app development with SDK                                                        \n                                                                                                            \n                                                            mobile development lifecycle                                                        \n                                                                                                            \n                                                            third-party libraries and APIs",
        "desc": "Design and build advanced native applications for the Android platform\nCollaborate with cross-functional teams to define, design, and deliver new features\nWork with outside data sources and APIs\nUnit-test code for robustness, including edge cases, usability, and general reliability\nWork on bug fixing and improving application performance\nContinuously discover, evaluate, and implement new technologies to maximize development efficiency\nCommunicate with clients to understand his requirements and deliver",
        "desc1": "",
        "desc2": "",
        "desc3": "Delta Tech is seeking an Android Developer (Mid Level) who is proven working experience in android app development with SDK and also creative and innovative. You will be working in various internal (Our products: DeltaSalesApp, DeltaRetailerApp, DeltaSalesCRM & DeltaInventory) and external projects with different levels of complexities and challenges.\n \nRole and Responsibilities:\nYour responsibilities will include (but are not limited to):\n\nDesign and build advanced native applications for the Android platform\nCollaborate with cross-functional teams to define, design, and deliver new features\nWork with outside data sources and APIs\nUnit-test code for robustness, including edge cases, usability, and general reliability\nWork on bug fixing and improving application performance\nContinuously discover, evaluate, and implement new technologies to maximize development efficiency\nCommunicate with clients to understand his requirements and deliver",
        "name": "Android Developer (Mid Level)",
        "Page_URL": "https://merocareer.com/job/android-developer-mid-level/"
    },
    {
        "address": "Eastern Development Region, Koshi, Nepal",
        "logo": "https://merocareer.com/wp-content/uploads/2020/04/Delta-Tech-Triangular-514-96x96.png",
        "company": "Delta Tech Pvt. Ltd.",
        "salary": "38,000 NPR - 45,000 NPR / Month",
        "time": "Full Time",
        "deadline": "August 31, 2020",
        "level": "Top Level Management",
        "skills": "Android SDK                                                        \n                                                                                                            \n                                                            Remote Data via REST and JSON                                                        \n                                                                                                            \n                                                            third-party libraries and APIs",
        "desc": "Design and build advanced native applications for the Android platform\nCollaborate with cross-functional teams to define, design, and deliver new features\nWork with outside data sources and APIs\nUnit-test code for robustness, including edge cases, usability, and general reliability\nWork on bug fixing and improving application performance\nContinuously discover, evaluate, and implement new technologies to maximize development efficiency\nCommunicate with clients to understand his requirements and deliver",
        "desc1": "",
        "desc2": "",
        "desc3": "Delta Tech is seeking a Senior Android Developer who is proven working experience in android app development with SDK and also creative and innovative. You will be working in various internal (Our products: DeltaSalesApp, DeltaRetailerApp, DeltaSalesCRM & DeltaInventory) and external projects with different levels of complexities and challenges.\n \nRole and Responsibilities:\nYour responsibilities will include (but are not limited to):\n\nDesign and build advanced native applications for the Android platform\nCollaborate with cross-functional teams to define, design, and deliver new features\nWork with outside data sources and APIs\nUnit-test code for robustness, including edge cases, usability, and general reliability\nWork on bug fixing and improving application performance\nContinuously discover, evaluate, and implement new technologies to maximize development efficiency\nCommunicate with clients to understand his requirements and deliver",
        "name": "Sr. Android Developer",
        "Page_URL": "https://merocareer.com/job/sr-android-developer/"
    },
    {
        "address": "Eastern Development Region, Koshi, Nepal",
        "logo": "https://merocareer.com/wp-content/uploads/2020/04/Delta-Tech-Triangular-514-96x96.png",
        "company": "Delta Tech Pvt. Ltd.",
        "salary": "negotiable",
        "time": "Full Time",
        "deadline": "May 20, 2020",
        "level": "Top Level Management",
        "skills": "Advanced PHP                                                        \n                                                                                                            \n                                                            MVC Frameworks",
        "desc": "The selected candidate would be a part one of our company products.\nHe/she would be responsible to drive the product and ensure deadlines are met.\nHe/she should have capability to handle entire project and assign work to peers\nBuild frontend and server-side applications for delivering the best experience for users\nBuild APIs, libraries & automated tools to improve our products\nMentoring junior web developers\nKeeping up-to-date with technology",
        "desc1": "",
        "desc2": "",
        "desc3": "The selected candidate would be a part one of our company products.\nHe/she would be responsible to drive the product and ensure deadlines are met.\nHe/she should have capability to handle entire project and assign work to peers\nBuild frontend and server-side applications for delivering the best experience for users\nBuild APIs, libraries & automated tools to improve our products\nMentoring junior web developers\nKeeping up-to-date with technology",
        "name": "Team Lead PHP/ Senior PHP Developer",
        "Page_URL": "https://merocareer.com/job/team-lead-php-senior-php-developer/"
    },
    {
        "address": "Eastern Development Region, Koshi, Nepal",
        "logo": "https://merocareer.com/wp-content/uploads/2020/04/Delta-Tech-Triangular-514-96x96.png",
        "company": "Delta Tech Pvt. Ltd.",
        "salary": "20,000 NPR - 30,000 NPR / Month",
        "time": "Full Time",
        "deadline": "September 20, 2020",
        "level": "Mid Level",
        "skills": "Cakephp                                                        \n                                                                                                            \n                                                            CI )                                                        \n                                                                                                            \n                                                            PHP Frameworks(Laravel                                                        \n                                                                                                            \n                                                            YII",
        "desc": "Build server-side applications with the latest technologies for delivering the best experience for users\nBuild platforms, frameworks, APIs, libraries & automated tools\nKeeping up-to-date with technology\nMentoring and assigning tasks to junior web developers\nClient Communication",
        "desc1": "",
        "desc2": "",
        "desc3": "Build server-side applications with the latest technologies for delivering the best experience for users\nBuild platforms, frameworks, APIs, libraries & automated tools\nKeeping up-to-date with technology\nMentoring and assigning tasks to junior web developers\nClient Communication",
        "name": "PHP Developer",
        "Page_URL": "https://merocareer.com/job/php-developer-2/"
    },
    {
        "address": "Central Development Region, Bagmati, Nepal",
        "logo": "https://merocareer.com/wp-content/uploads/2020/01/JT-Associates-420-96x96.png",
        "company": "J&T Associates",
        "salary": "negotiable",
        "time": "Casual",
        "deadline": "April 25, 2020",
        "level": "Mid Level",
        "skills": "1. Good understanding of front-end technologies including HTML CSS JavaScript jQuery.                                                        \n                                                                                                            \n                                                            2. Experience designing and developing responsive design websites.                                                        \n                                                                                                            \n                                                            3. Ability to convert comprehensive layout and wire frames into working HTML pages.                                                        \n                                                                                                            \n                                                            4. Strong understanding of PHP back-end development on WordPress.                                                        \n                                                                                                            \n                                                            5. Ability to Work on Woo commerce platform.                                                        \n                                                                                                            \n                                                            6. Ability to modify word press theme and plugins as per client's requirement.                                                        \n                                                                                                            \n                                                            8. Experience in Digital Marketing - Email Marketing will be given preference.",
        "desc": "Writing efficient code\nCreating websites/a website using standard HTML/CSS practices\nWorking closely with web designers and programmers to produce the website\nConstant communication with other colleagues in the business to develop and deploy their content – and ensuring there is a clear establishment of what can be created within what time frame\nResearching different software programs, maintaining software documentation\nImplementing contingency plans in case the website goes down\nMaintaining and expanding/enhancing the website once built\nManaging a team might also be part of the job role",
        "desc1": "",
        "desc2": "",
        "desc3": "Job Description\n\nWriting efficient code\nCreating websites/a website using standard HTML/CSS practices\nWorking closely with web designers and programmers to produce the website\nConstant communication with other colleagues in the business to develop and deploy their content – and ensuring there is a clear establishment of what can be created within what time frame\nResearching different software programs, maintaining software documentation\nImplementing contingency plans in case the website goes down\nMaintaining and expanding/enhancing the website once built\nManaging a team might also be part of the job role\n\nSalary : Negotiable\nExperience :  Min-2 years of experience in WordPress Development.",
        "name": "Web Developer/WordPress Developer",
        "Page_URL": "https://merocareer.com/job/web-developer-wordpress-developer/"
    },
    {
        "address": "Central Development Region, Bagmati, Nepal",
        "logo": "https://merocareer.com/wp-content/uploads/2020/02/OTS-LOGO-final-465-96x96.png",
        "company": "One Touch Solution",
        "salary": "negotiable",
        "time": "Casual",
        "deadline": "February 25, 2020",
        "level": "Entry Level",
        "skills": "",
        "desc": "Knowledge of Computer Hardware\nComputer assembling, windows & application software installation skill",
        "desc1": "",
        "desc2": "",
        "desc3": "Requirements:\n\nKnowledge of Computer Hardware\nComputer assembling, windows & application software installation skill",
        "name": "COMPUTER HARDWARE TECHNICIAN",
        "Page_URL": "https://merocareer.com/job/computer-hardware-technician/"
    },
    {
        "address": "Greater London, England, United Kingdom",
        "logo": "https://merocareer.com/wp-content/uploads/2020/01/facebook-profile-pic-lamaid-min-407-96x96.png",
        "company": "",
        "salary": "5,580 NPR - 33,485 NPR",
        "time": "Part Time",
        "deadline": "January 31, 2020",
        "level": "Entry Level",
        "skills": "",
        "desc": "Be engaging with full dedication and represent your educational institute by positive, friendly, professional and true manner\nProtect Lam Aid as well as its subsidiaries/agents/officers from all sorts of misrepresentations, troubles, claims and danger\nHave full knowledge and efficient to demonstrate all the apps, its related web portals and features, make fellow students understand the benefits of using mobile apps and web portals developed by Lam Aid such as GuyHub, OTE, Soul Mate etc\nWork closely with the administration of Lam Aid, extend all cooperation, share ideas, innovations, views, stories, trends, observations, jobs, news, local listing and promote talents and writers\nContribute and provide suggestions on any addition, deletion, amendments of Features and contents on apps and web portals time to time for management review and approval\nRepresent Lam Aid in a timely manner, promote and market massively the products, services of Lam Aid through your personal, professional, student and social networks\nMake fellow students to understand the benefit of becoming student ambassadors and benefits of promoting the mobile and web apps developed by Lam aid.\nMake students understand that by becoming student Ambassador on GuyHub you will be responsible for adding more connections to its social network and do all the needful and promote GuyHub and other apps\nMake aware regarding the benefits of using Online Training and Education (OTE) app as it will assist students to enroll themselves under Vocational, ICT, Trade, Professional and Kids courses around the globe.",
        "desc1": "",
        "desc2": "",
        "desc3": "Job Description\nJob Purpose: Lam Aid Ltd (https://lamaid.org/), a BRITISH origin multinational corporation. We are specialized in Hybrid Mobile Applications.\nTo expand our presence, network, services and support worldwide on our education, shopping and social networking apps among students, we are looking for Student Ambassadors (from every educational institute) all over the world.\nAs a Student Ambassador, you will be responsible for promoting and marketing mobile applications launched by our company on different social media platforms, personal and professional networks and harness new users into our mobile apps such as GuyHub, Soulmate, Online Training & Education – OTE, City Jinn, Taahaa, Homeland, Aainaa, BritStar, Online Magazine, Doc Aid, The Aid, Laaiba etc.\nYou will be expected to:\n\nBe engaging with full dedication and represent your educational institute by positive, friendly, professional and true manner\nProtect Lam Aid as well as its subsidiaries/agents/officers from all sorts of misrepresentations, troubles, claims and danger\nHave full knowledge and efficient to demonstrate all the apps, its related web portals and features, make fellow students understand the benefits of using mobile apps and web portals developed by Lam Aid such as GuyHub, OTE, Soul Mate etc\nWork closely with the administration of Lam Aid, extend all cooperation, share ideas, innovations, views, stories, trends, observations, jobs, news, local listing and promote talents and writers\nContribute and provide suggestions on any addition, deletion, amendments of Features and contents on apps and web portals time to time for management review and approval\nRepresent Lam Aid in a timely manner, promote and market massively the products, services of Lam Aid through your personal, professional, student and social networks\nMake fellow students to understand the benefit of becoming student ambassadors and benefits of promoting the mobile and web apps developed by Lam aid.\nMake students understand that by becoming student Ambassador on GuyHub you will be responsible for adding more connections to its social network and do all the needful and promote GuyHub and other apps\nMake aware regarding the benefits of using Online Training and Education (OTE) app as it will assist students to enroll themselves under Vocational, ICT, Trade, Professional and Kids courses around the globe.\n\n \nEducational requirements: You must be pursuing Graduation/ Post Graduation/Diploma or other degree courses.\nBenefits: \nBy joining our team as a student ambassador, you will earn points and be rewarded with monetary benefits (certain percentages of profits, generated from your signup users) so that you can earn unlimited regular income for promoting and marketing Lam Aid apps, web portals and services. You can also earn as freelancer on various projects of Lam Aid (as and when required).\nCreate Jobs and businesses; find and promote talents and writers worldwide, invest in innovative and unique ideas and projects, connect students and promote them worldwide is our prime focus and only object. Be a part of it, help us to grow together.\nTerms of Application: \nYou must be a regular student of any educational institute\nYour Age must be between 13 – 35 years\nYou must have good Communication, Presentation, Interpersonal and leadership skills and capable to lead and manage events, charities, cultural activities, campaigns, competitions etc\nYou have to Download all our completed apps mentioned above, run and audit them properly and rank them on feature wise\nYou have to send your detailed Student Profile on info@lamaid.org along with your ranking report on all our apps for this part time job.\nFemales are highly encouraged to apply\nFor Big Institute, We shall even consider Student Ambassadors (Department/ faculty wise) to accommodate more student ambassadors to work with us and grow\nAny persuasion from any angles on getting this Job will nullify your Job application\nApplication Deadline: 31/1/20",
        "name": "Student Ambassador",
        "Page_URL": "https://merocareer.com/job/student-ambassador/"
    },
    {
        "address": "लुम्बिनी, पश्चिमाञ्चल, Nepal",
        "logo": "https://merocareer.com/wp-content/uploads/2019/11/AGM-Logo-368-96x96.png",
        "company": "AGM Web Hosting",
        "salary": "0 NPR / Month",
        "time": "Full Time",
        "deadline": "January 31, 2020",
        "level": "Entry Level",
        "skills": "Male, Female",
        "desc": "",
        "desc1": "",
        "desc2": "",
        "desc3": "Sales Executive\nAGM Web Hosting is looking for good candidates who builds business by identifying and selling prospects; maintaining relationships with clients. Maintains relationships with clients by providing support, information, and guidance; researching and recommending new opportunities; recommending profit and service improvements.",
        "name": "Sales Executive Entry Level",
        "Page_URL": "https://merocareer.com/job/sales-executive-entry-level/"
    }
]
