[
    {
        "name": "Frontend Developer (519 views)",
        "logo": "https://www.merorojgari.com/company/deltatech/",
        "time": "Full Time",
        "address": "Biratnagar",
        "deadline": "September 9, 2020",
        "desc": "Delta Tech is seeking a Frontend Developer who has proven working experience in HTML5, CSS3, JQuery and is also creative and innovative. You will be working in various internal (Our products: DeltaSalesApp, DeltaSalesCRM, DeltaRetailerApp and DeltaInventory) and external projects with different levels of complexities and challenges.",
        "desc1": "VACANCY ANNOUNCEMENT\nCompany: Delta Tech Pvt. Ltd.\nPosition: Frontend Developer\nDelta Tech is seeking a Frontend Developer who has proven working experience in HTML5, CSS3, JQuery and is also creative and innovative. You will be working in various internal (Our products: DeltaSalesApp, DeltaSalesCRM, DeltaRetailerApp and DeltaInventory) and external projects with different levels of complexities and challenges.\nRole and Responsibilities:\nYour responsibilities will include (but are not limited to):\nUnderstand the requirement clearly, think creatively to produce new ideas and concepts to interactive design\nConceptualize ideas that bring simplicity and user-friendliness to complex design roadblocks\nWork with internal team to design and build user-friendly forms/ applications/ interfaces based on functional specifications\nWireframe new features and templates and improvements to existing functionality\nBuild prototypes of new features, templates, and apps to demonstrate and test new designs.\nDesign UI and interaction layers using best practices and the latest Web/ Mobile trends\nOther Specification\nEducation Level: Bachelor of IT/ BE Computer Engineering\nExperience Required: More than one year\nShould be proficient in HTML5, CSS3, JQuery, and Bootstrap.\nShould have good knowledge on UI/ UX experience and developing pixel perfect designs on the frontend\nShould have creative skills on graphic designing tools like Photoshop, Illustrator etc\nShould have knowledge of color theory and updated with trends\nShould have the knowledge of wireframe, prototype, mockup\nShould be creative and develop new ideas\nShould possess good communication and interpersonal skill\nYou are\nFluent in spoken and written English\nAble to multitask and focus on deadlines under pressure\nTeam player\nPassionate about new technology\nExcellent team-working skills, hardworking, creative and innovative\nWhat we offer\nDelta Tech is looking for candidates who are loyal and plan to make a long-term commitment. In return for your loyalty we offer:\nPosition Benefits\nCompetitive/ Attractive Salary (No bar for right and deserving candidate)\nTimely performance appraisal and salary reviews\nPaid holiday & paid leaves\nFestive bonus\nGreat work culture\nFlexible timings against performance\nWork from home (During COVID-19 pandemic situation)\nInterested, enthusiast, and career-oriented candidates are encouraged to drop their resume at career@deltatechnepal.com"
    },
    {
        "name": "Android Developer (435 views)",
        "logo": "https://www.merorojgari.com/company/deltatech/",
        "time": "Full Time",
        "address": "Biratnagar",
        "deadline": "August 14, 2020",
        "desc": "You are",
        "desc1": "VACANCY ANNOUNCEMENT\nCompany: Delta Tech Pvt. Ltd.\nPosition: Android Developer\nOther Specification\nBachelor of IT/ BE Computer Engineering\nMore than one year of experience\nProven software development experience and Android skills development\nProven Working Experience in Android app development\nExperience with Android SDK\nExperience working with Remote Data via REST and JSON\nExperience with third-party libraries and APIs\nWorking knowledge of the general mobile landscape, architecture, trends and emerging technologies\nSolid understanding of the full mobile development lifecycle\nYou are\nFluent in spoken and written English\nAble to multitask and focus on deadlines under pressure\nTeam player\nPassionate about new technology\nExcellent team-working skills, hardworking, creative and innovative\nJob Description\nDelta Tech is seeking an Android Developer who is proven working experience in android app development with SDK and also creative and innovative. You will be working in various internal (Our products: DeltaSalesApp, DeltaRetailerApp, DeltaSalesCRM & DeltaInventory) and external projects with different levels of complexities and challenges.\nRole and Responsibilities:\nYour responsibilities will include (but are not limited to):\nDesign and build advanced native applications for the Android platform\nCollaborate with cross-functional teams to define, design, and deliver new features\nWork with outside data sources and APIs\nUnit-test code for robustness, including edge cases, usability, and general reliability\nWork on bug fixing and improving application performance\nContinuously discover, evaluate, and implement new technologies to maximize development efficiency\nCommunicate with clients to understand his requirements and deliver\nWhat we offer:\nDelta Tech is looking for candidates who are loyal and plan to make a long-term commitment. In return for your loyalty we offer:\nCompetitive/ Attractive Salary (No bar for right and deserving candidate)\nFestive bonus\nAnnual performance review\nGreat work culture\nFlexible timings against performance\nWork from home (during the COVID 19)\nApply now and be the part of our dynamic team.\nDrop resume at career@deltatechnepal.com\nCall or text us at +977 9804067116 (Whatsapp & Viber)"
    },
    {
        "name": "Sr. Android Developer (410 views)",
        "logo": "https://www.merorojgari.com/company/deltatech/",
        "time": "Full Time",
        "address": "Biratnagar",
        "deadline": "August 14, 2020",
        "desc": "You are",
        "desc1": "VACANCY ANNOUNCEMENT\nCompany: Delta Tech Pvt. Ltd.\nPosition: Sr. Android Developer\nOther Specification\nBachelor of IT/ BE Computer Engineering\nMore than or equal to 3 years\nProven software development experience and Android skills development\nProven Working Experience in Android app development\nExperience with Android SDK\nExperience working with Remote Data via REST and JSON\nExperience with third-party libraries and APIs\nWorking knowledge of the general mobile landscape, architecture, trends and emerging technologies\nSolid understanding of the full mobile development lifecycle\nYou are\nFluent in spoken and written English\nAble to multitask and focus on deadlines under pressure\nTeam player\nPassionate about new technology\nExcellent team-working skills, hardworking, creative and innovative\nJob Description\nDelta Tech is seeking a Senior Android Developer who is proven working experience in android app development with SDK and also creative and innovative. You will be working in various internal (Our products: DeltaSalesApp, DeltaRetailerApp, DeltaSalesCRM & DeltaInventory) and external projects with different levels of complexities and challenges.\nRole and Responsibilities:\nYour responsibilities will include (but are not limited to):\nDesign and build advanced native applications for the Android platform\nCollaborate with cross-functional teams to define, design, and deliver new features\nWork with outside data sources and APIs\nUnit-test code for robustness, including edge cases, usability, and general reliability\nWork on bug fixing and improving application performance\nContinuously discover, evaluate, and implement new technologies to maximize development efficiency\nCommunicate with clients to understand his requirements and deliver\nWhat we offer:\nDelta Tech is looking for candidates who are loyal and plan to make a long-term commitment. In return for your loyalty we offer:\nCompetitive/ Attractive Salary (No bar for right and deserving candidate)\nFestive bonus\nAnnual performance review\nGreat work culture\nFlexible timings against performance\nWork from home (during the COVID 19)\nApply now and be the part of our dynamic team.\nDrop resume at career@deltatechnepal.com\nCall or text us at +977 9804067116 (Whatsapp & Viber)"
    },
    {
        "name": "WordPress Developer (525 views)",
        "logo": "https://www.merorojgari.com/company/codegearthemes/",
        "time": "Full Time",
        "address": "Kathmandu",
        "deadline": "July 25, 2020",
        "desc": "We’re looking for a talented WordPress developer to join our full-time team. You need to be experienced in WordPress development, specifically theme development.",
        "desc1": "VACANCY ANNOUNCEMENT\nCompany: CodeGearThemes\nPosition: WordPress Developer\nWe’re looking for a talented WordPress developer to join our full-time team. You need to be experienced in WordPress development, specifically theme development.\nExperience Required: 1 Year\nEssential experience:\n– WordPress Themes & Plugins\n– PHP, Js & HTML\nTo Apply: Send your CV to: info@codegearthemes.com"
    }
]
